"Position0","Position1","Position2","UV0","UV1"
"-1.000000","-1.000000","1.000000","0.000000","1.000000"
"1.000000","-1.000000","1.000000","1.000000","1.000000"
"-1.000000","1.000000","1.000000","0.000000","0.000000"
"-1.000000","1.000000","1.000000","0.000000","0.000000"
"1.000000","1.000000","1.000000","1.000000","0.000000"
"1.000000","-1.000000","1.000000","1.000000","1.000000"
